{
  "aku": {
    "precision": 1.0,
    "recall": 1.0,
    "f1-score": 1.0,
    "support": 6
  },
  "hina": {
    "precision": 0.0,
    "recall": 0.0,
    "f1-score": 0.0,
    "support": 4
  },
  "harga": {
    "precision": 1.0,
    "recall": 0.8333333333333334,
    "f1-score": 0.9090909090909091,
    "support": 6
  },
  "durasi": {
    "precision": 0.6666666666666666,
    "recall": 0.6666666666666666,
    "f1-score": 0.6666666666666666,
    "support": 6
  },
  "pujian": {
    "precision": 1.0,
    "recall": 0.25,
    "f1-score": 0.4,
    "support": 4
  },
  "emas": {
    "precision": 0.8571428571428571,
    "recall": 1.0,
    "f1-score": 0.923076923076923,
    "support": 6
  },
  "uang_muka": {
    "precision": 1.0,
    "recall": 1.0,
    "f1-score": 1.0,
    "support": 10
  },
  "transaksi": {
    "precision": 0.0,
    "recall": 0.0,
    "f1-score": 0.0,
    "support": 1
  },
  "bad": {
    "precision": 0.0,
    "recall": 0.0,
    "f1-score": 0.0,
    "support": 2
  },
  "tanya": {
    "precision": 0.9827586206896551,
    "recall": 0.9827586206896551,
    "f1-score": 0.9827586206896551,
    "support": 58
  },
  "tipe": {
    "precision": 0.8571428571428571,
    "recall": 0.782608695652174,
    "f1-score": 0.8181818181818182,
    "support": 23
  },
  "thanks": {
    "precision": 0.0,
    "recall": 0.0,
    "f1-score": 0.0,
    "support": 4
  },
  "salam": {
    "precision": 0.0,
    "recall": 0.0,
    "f1-score": 0.0,
    "support": 4
  },
  "berat_emasku": {
    "precision": 0.75,
    "recall": 0.3,
    "f1-score": 0.4285714285714285,
    "support": 10
  },
  "bulan": {
    "precision": 1.0,
    "recall": 0.972972972972973,
    "f1-score": 0.9863013698630138,
    "support": 37
  },
  "tenor_amanah": {
    "precision": 1.0,
    "recall": 1.0,
    "f1-score": 1.0,
    "support": 12
  },
  "dp": {
    "precision": 1.0,
    "recall": 0.75,
    "f1-score": 0.8571428571428571,
    "support": 8
  },
  "kabar": {
    "precision": 0.0,
    "recall": 0.0,
    "f1-score": 0.0,
    "support": 3
  },
  "kredit": {
    "precision": 1.0,
    "recall": 0.9629629629629629,
    "f1-score": 0.9811320754716981,
    "support": 27
  },
  "untuk": {
    "precision": 1.0,
    "recall": 1.0,
    "f1-score": 1.0,
    "support": 18
  },
  "unit": {
    "precision": 1.0,
    "recall": 1.0,
    "f1-score": 1.0,
    "support": 10
  },
  "brand": {
    "precision": 0.8636363636363636,
    "recall": 0.8636363636363636,
    "f1-score": 0.8636363636363636,
    "support": 22
  },
  "kendaraan": {
    "precision": 0.967741935483871,
    "recall": 1.0,
    "f1-score": 0.9836065573770492,
    "support": 30
  },
  "produk": {
    "precision": 0.9523809523809523,
    "recall": 0.7407407407407407,
    "f1-score": 0.8333333333333334,
    "support": 27
  },
  "cara": {
    "precision": 1.0,
    "recall": 0.6,
    "f1-score": 0.7499999999999999,
    "support": 5
  },
  "berat": {
    "precision": 0.8333333333333334,
    "recall": 0.8333333333333334,
    "f1-score": 0.8333333333333334,
    "support": 6
  },
  "batas": {
    "precision": 0.8,
    "recall": 0.6666666666666666,
    "f1-score": 0.7272727272727272,
    "support": 6
  },
  "good": {
    "precision": 0.0,
    "recall": 0.0,
    "f1-score": 0.0,
    "support": 4
  },
  "angsuran": {
    "precision": 1.0,
    "recall": 0.88,
    "f1-score": 0.9361702127659575,
    "support": 25
  },
  "gea": {
    "precision": 1.0,
    "recall": 1.0,
    "f1-score": 1.0,
    "support": 17
  },
  "simulasi": {
    "precision": 1.0,
    "recall": 1.0,
    "f1-score": 1.0,
    "support": 4
  },
  "micro avg": {
    "precision": 0.957983193277311,
    "recall": 0.8444444444444444,
    "f1-score": 0.8976377952755905,
    "support": 405
  },
  "macro avg": {
    "precision": 0.7268001156927922,
    "recall": 0.6479251727953184,
    "f1-score": 0.6735572644023784,
    "support": 405
  },
  "weighted avg": {
    "precision": 0.9034658929282586,
    "recall": 0.8444444444444444,
    "f1-score": 0.8668243236563213,
    "support": 405
  }
}