{
  "tenor_amanah": {
    "precision": 1.0,
    "recall": 1.0,
    "f1-score": 1.0,
    "support": 12
  },
  "transaksi": {
    "precision": 1.0,
    "recall": 0.8,
    "f1-score": 0.888888888888889,
    "support": 5
  },
  "untuk": {
    "precision": 0.9615384615384616,
    "recall": 1.0,
    "f1-score": 0.9803921568627451,
    "support": 25
  },
  "cara": {
    "precision": 0.75,
    "recall": 0.6,
    "f1-score": 0.6666666666666665,
    "support": 5
  },
  "brand": {
    "precision": 0.7857142857142857,
    "recall": 0.8461538461538461,
    "f1-score": 0.8148148148148148,
    "support": 13
  },
  "aku": {
    "precision": 1.0,
    "recall": 1.0,
    "f1-score": 1.0,
    "support": 6
  },
  "simulasi": {
    "precision": 1.0,
    "recall": 1.0,
    "f1-score": 1.0,
    "support": 4
  },
  "tipe": {
    "precision": 0.8,
    "recall": 0.36363636363636365,
    "f1-score": 0.5000000000000001,
    "support": 11
  },
  "unit": {
    "precision": 1.0,
    "recall": 1.0,
    "f1-score": 1.0,
    "support": 10
  },
  "kabar": {
    "precision": 0.0,
    "recall": 0.0,
    "f1-score": 0.0,
    "support": 3
  },
  "bad": {
    "precision": 0.0,
    "recall": 0.0,
    "f1-score": 0.0,
    "support": 2
  },
  "biaya_admin": {
    "precision": 1.0,
    "recall": 1.0,
    "f1-score": 1.0,
    "support": 8
  },
  "produk": {
    "precision": 0.9583333333333334,
    "recall": 0.7666666666666667,
    "f1-score": 0.8518518518518519,
    "support": 30
  },
  "harga": {
    "precision": 1.0,
    "recall": 0.8333333333333334,
    "f1-score": 0.9090909090909091,
    "support": 6
  },
  "tenor_emasku": {
    "precision": 1.0,
    "recall": 1.0,
    "f1-score": 1.0,
    "support": 14
  },
  "good": {
    "precision": 0.0,
    "recall": 0.0,
    "f1-score": 0.0,
    "support": 4
  },
  "bunga": {
    "precision": 1.0,
    "recall": 0.6,
    "f1-score": 0.7499999999999999,
    "support": 5
  },
  "berat_emasku": {
    "precision": 0.9,
    "recall": 0.9,
    "f1-score": 0.9,
    "support": 10
  },
  "thanks": {
    "precision": 0.0,
    "recall": 0.0,
    "f1-score": 0.0,
    "support": 4
  },
  "uang_muka": {
    "precision": 1.0,
    "recall": 1.0,
    "f1-score": 1.0,
    "support": 10
  },
  "gea": {
    "precision": 1.0,
    "recall": 1.0,
    "f1-score": 1.0,
    "support": 17
  },
  "bulan": {
    "precision": 1.0,
    "recall": 0.9545454545454546,
    "f1-score": 0.9767441860465117,
    "support": 22
  },
  "kendaraan": {
    "precision": 0.972972972972973,
    "recall": 1.0,
    "f1-score": 0.9863013698630138,
    "support": 36
  },
  "pujian": {
    "precision": 1.0,
    "recall": 0.5,
    "f1-score": 0.6666666666666666,
    "support": 4
  },
  "tanya": {
    "precision": 0.9620253164556962,
    "recall": 1.0,
    "f1-score": 0.9806451612903226,
    "support": 76
  },
  "dp": {
    "precision": 1.0,
    "recall": 0.875,
    "f1-score": 0.9333333333333333,
    "support": 8
  },
  "berat": {
    "precision": 0.8333333333333334,
    "recall": 0.8333333333333334,
    "f1-score": 0.8333333333333334,
    "support": 6
  },
  "syarat": {
    "precision": 1.0,
    "recall": 0.5,
    "f1-score": 0.6666666666666666,
    "support": 4
  },
  "salam": {
    "precision": 0.0,
    "recall": 0.0,
    "f1-score": 0.0,
    "support": 4
  },
  "angsuran": {
    "precision": 1.0,
    "recall": 0.8666666666666667,
    "f1-score": 0.9285714285714286,
    "support": 15
  },
  "kredit": {
    "precision": 1.0,
    "recall": 0.975,
    "f1-score": 0.9873417721518987,
    "support": 40
  },
  "emas": {
    "precision": 1.0,
    "recall": 1.0,
    "f1-score": 1.0,
    "support": 6
  },
  "durasi": {
    "precision": 0.8,
    "recall": 0.6666666666666666,
    "f1-score": 0.7272727272727272,
    "support": 6
  },
  "hina": {
    "precision": 0.0,
    "recall": 0.0,
    "f1-score": 0.0,
    "support": 4
  },
  "batas": {
    "precision": 0.8,
    "recall": 0.6666666666666666,
    "f1-score": 0.7272727272727272,
    "support": 6
  },
  "micro avg": {
    "precision": 0.9623115577889447,
    "recall": 0.8684807256235828,
    "f1-score": 0.9129916567342075,
    "support": 441
  },
  "macro avg": {
    "precision": 0.7863976486670881,
    "recall": 0.7013619713619714,
    "f1-score": 0.7335958474469858,
    "support": 441
  },
  "weighted avg": {
    "precision": 0.9144981821551184,
    "recall": 0.8684807256235828,
    "f1-score": 0.885746131542214,
    "support": 441
  }
}