{
  "simulasi_amanah": {
    "precision": 0.9523809523809523,
    "recall": 0.9523809523809523,
    "f1-score": 0.9523809523809523,
    "support": 21,
    "confused_with": {
      "dp_amanah": 1
    }
  },
  "info_produk": {
    "precision": 1.0,
    "recall": 1.0,
    "f1-score": 1.0,
    "support": 7,
    "confused_with": {}
  },
  "dp_amanah": {
    "precision": 0.8,
    "recall": 0.8,
    "f1-score": 0.8000000000000002,
    "support": 5,
    "confused_with": {
      "tenor_amanah": 1
    }
  },
  "tenor_amanah": {
    "precision": 0.8571428571428571,
    "recall": 0.8571428571428571,
    "f1-score": 0.8571428571428571,
    "support": 7,
    "confused_with": {
      "simulasi_amanah": 1
    }
  },
  "cara_amanah": {
    "precision": 0.75,
    "recall": 0.6,
    "f1-score": 0.6666666666666665,
    "support": 5,
    "confused_with": {
      "inform": 1,
      "chitchat": 1
    }
  },
  "inform": {
    "precision": 0.9523809523809523,
    "recall": 0.975609756097561,
    "f1-score": 0.963855421686747,
    "support": 41,
    "confused_with": {
      "chitchat": 1
    }
  },
  "harga_emas": {
    "precision": 1.0,
    "recall": 1.0,
    "f1-score": 1.0,
    "support": 6,
    "confused_with": {}
  },
  "simulasi_emasku": {
    "precision": 1.0,
    "recall": 1.0,
    "f1-score": 1.0,
    "support": 8,
    "confused_with": {}
  },
  "chitchat": {
    "precision": 0.9259259259259259,
    "recall": 0.6944444444444444,
    "f1-score": 0.7936507936507936,
    "support": 36,
    "confused_with": {
      "": 9,
      "inform": 1
    }
  },
  "micro avg": {
    "precision": 0.937007874015748,
    "recall": 0.875,
    "f1-score": 0.9049429657794676,
    "support": 136
  },
  "macro avg": {
    "precision": 0.9153145208700764,
    "recall": 0.8755086677850906,
    "f1-score": 0.8926329657253353,
    "support": 136
  },
  "weighted avg": {
    "precision": 0.9347864145658263,
    "recall": 0.875,
    "f1-score": 0.9001678984846951,
    "support": 136
  }
}