{
  "simulasi_amanah": {
    "precision": 0.8888888888888888,
    "recall": 0.6666666666666666,
    "f1-score": 0.761904761904762,
    "support": 12,
    "confused_with": {
      "faq": 3,
      "inform": 1
    }
  },
  "faq": {
    "precision": 0.9047619047619048,
    "recall": 0.9743589743589743,
    "f1-score": 0.9382716049382716,
    "support": 39,
    "confused_with": {
      "simulasi_amanah": 1
    }
  },
  "chitchat": {
    "precision": 1.0,
    "recall": 0.6666666666666666,
    "f1-score": 0.8,
    "support": 36,
    "confused_with": {
      "": 9,
      "inform": 2
    }
  },
  "harga_emas": {
    "precision": 1.0,
    "recall": 1.0,
    "f1-score": 1.0,
    "support": 6,
    "confused_with": {}
  },
  "info_produk": {
    "precision": 1.0,
    "recall": 1.0,
    "f1-score": 1.0,
    "support": 7,
    "confused_with": {}
  },
  "simulasi_emasku": {
    "precision": 1.0,
    "recall": 1.0,
    "f1-score": 1.0,
    "support": 7,
    "confused_with": {}
  },
  "inform": {
    "precision": 0.9210526315789473,
    "recall": 0.8333333333333334,
    "f1-score": 0.875,
    "support": 42,
    "confused_with": {
      "": 7
    }
  },
  "micro avg": {
    "precision": 0.9398496240601504,
    "recall": 0.8389261744966443,
    "f1-score": 0.8865248226950355,
    "support": 149
  },
  "macro avg": {
    "precision": 0.9592433464613916,
    "recall": 0.8772893772893772,
    "f1-score": 0.9107394809775763,
    "support": 149
  },
  "weighted avg": {
    "precision": 0.9438697414677634,
    "recall": 0.8389261744966443,
    "f1-score": 0.8811104009090586,
    "support": 149
  }
}